{
  "num_rows": 903,
  "rule_val_rmse": 3.875941844917849,
  "hybrid_val_rmse": 4.019860028511322,
  "rule_test_rmse": 3.5307755147126128,
  "hybrid_test_rmse": 3.4984584410891286,
  "rule_val_r2": 0.9689587653213643,
  "hybrid_val_r2": 0.9666107745044686,
  "rule_test_r2": 0.9723294786782538,
  "hybrid_test_r2": 0.9728336952962254
}